driverId,name,ssn,location,certified,wage-plan
10,Jorge Wright,512-61-3485,"539 James Fall
Cordovafort, IA 07135",N,miles
11,John Morris,231-32-9894,"87141 Keller Ridge Suite 716
North Austinton, MI 05891",Y,hours
12,Morgan Mccullough,048-50-4204,"009 Lambert Square Suite 965
West John, NY 59417",Y,hours
13,Makayla Williams,079-35-8836,"073 Charles River
Hahnport, AR 93772",Y,hours
14,Johnathan Rodriguez,726-87-3676,"996 Mack Ville
Port Eric, VA 80156",N,miles
15,Elizabeth Simon,736-27-4483,"60326 Pennington Lake Apt. 309
Laurenside, PA 84741",N,hours
16,Lori Smith,795-55-6091,"725 Kimberly Point Apt. 980
Port Vanessa, ME 16028",N,hours
17,Judy Rodriguez,425-85-5990,"175 Madison Plains
Robertsonbury, NH 40879",N,miles
18,Caitlin Johnson,174-43-5246,"5160 Brandon Expressway
Morrisonport, SC 36031",Y,miles
19,Raymond Guerra,195-28-8344,"PSC 8892, Box 7565
APO AP 25217",N,miles
20,Samuel Baker DVM,145-67-6386,"32947 Tracy Wall
Lake Maria, MA 72948",Y,hours
21,Carolyn Coleman,194-49-6395,"3078 Danielle Parks
Thompsonport, DC 08177",Y,hours
22,John Rogers,474-41-1107,"USCGC Jimenez
FPO AE 84968",Y,miles
23,Christopher Williams,740-33-8507,"445 Burns Gardens Apt. 505
Lake Christopherfurt, ND 81226",Y,miles
24,Vincent Green,658-33-7484,"155 Smith Burg
Payneburgh, TN 83436",Y,miles
25,Alexander Jones,139-76-3844,"68260 Joel Estates Suite 917
Davismouth, MA 38939",Y,miles
26,Leah Grant,786-78-1569,"1164 Joel Street
West Christinamouth, WV 20570",Y,hours
27,Matthew Ferguson,684-43-4828,"85639 Susan View Apt. 774
East Henryland, ME 61909",Y,miles
28,Colleen Kline,001-07-0885,"PSC 3958, Box 4973
APO AP 45053",Y,miles
29,Yvonne Cruz,320-33-3864,"53414 Miguel Underpass
Williamton, AL 51090",Y,miles
30,Christopher James,863-29-2469,"35677 Bryant Spur
Brownside, SD 40159",N,hours
31,George Thomas,335-77-6324,"46649 Johnson Course
Thompsonville, NJ 17569",Y,hours
32,William Ortega,334-59-3577,"824 Mitchell Harbor
New Amyfort, OR 34346",Y,miles
33,Michael Smith,888-77-8945,"61115 Chambers Mill Suite 290
Jasonstad, MI 13791",N,hours
34,John Gomez,578-88-1838,"PSC 5632, Box 2213
APO AA 69668",N,hours
35,Monica Hancock,504-01-6861,"8272 Carol Spurs Apt. 587
South Matthew, IN 99161",N,miles
36,Amanda Joseph,188-82-2600,"480 Sims Lights
West Michaelville, MS 88112",N,miles
37,Donald Hill,289-48-2249,"2590 Hancock Park Suite 124
Tammychester, PA 46259",Y,miles
38,Jessica Luna,135-66-1866,"0731 Villanueva Fords
Huffmantown, OK 81483",Y,hours
39,Alicia Lynch,538-83-9906,"13850 David Locks Apt. 124
West Danielborough, NY 07289",N,hours
40,Joseph Boyd,723-94-8156,"90038 Franklin Drive Suite 586
Derrickmouth, NM 94328",Y,hours
41,Sue Martin PhD,397-98-8435,"40225 Kelly Causeway
Port Davidland, DE 36120",N,hours
42,Brett Kirk,390-75-2351,"366 Rogers Mills Apt. 047
Port Michael, PW 51443",N,hours
43,Melissa Roberts,822-45-3274,"53832 Lori Extensions Apt. 110
South Amandahaven, NY 63929",N,miles
44,Thomas Hicks,515-13-2298,"USCGC Steele
FPO AP 68568",N,miles
45,Maria Knight,672-70-7335,"8937 Ramsey Course
New Danielport, GU 89173",Y,miles
46,James Richards,513-28-7652,"USNS Keller
FPO AA 00681",N,hours
47,Elizabeth Dunn,476-15-1936,"139 Corey Port Suite 945
Lambertfort, AR 63630",N,miles
48,Rachel Thomas,827-81-1398,"33356 Susan Cape Apt. 853
Kathrynside, PW 02129",Y,hours
49,Ann Mitchell,100-29-3923,"857 Shepard Coves Apt. 469
Pooleborough, MH 49381",Y,miles
50,Ms. Felicia Smith DVM,691-79-8106,"01947 Jennifer Land Suite 069
Sandraport, MO 67743",N,miles
51,Jeffrey Lopez,235-07-2910,"31210 Ashley Islands
New Rachelland, OK 68166",N,hours
52,Mary Osborne,363-68-5635,"6886 Moore Stream Suite 293
Melissaview, NJ 90811",N,miles
53,Keith Carter,290-42-1323,"USS Sanchez
FPO AA 45457",Y,hours
54,Leah Levy DVM,771-84-8526,"01259 Robert Meadows
New Timothy, AZ 21320",N,miles
55,Luis Harris,163-06-1768,"Unit 1967 Box 1772
DPO AP 52017",Y,hours
56,Blake Lester,575-85-2078,"5557 Timothy Loop Apt. 948
Port James, OR 97582",N,miles
57,Christopher Ferguson,800-34-3666,"2794 Stephanie Turnpike
New Steven, DC 05016",N,miles
58,Renee Huerta,461-68-8670,"34657 White Creek
New Amy, NJ 97594",N,hours
59,Russell Robinson,452-51-0285,"3307 Cody Burg Apt. 057
Caitlintown, NJ 32885",N,miles
60,Joanne Stafford,315-09-2443,"36787 James Knolls Suite 007
Scottmouth, GU 18913",N,miles
61,Leslie Jenkins,348-57-1876,"74012 Morrison Streets
Timothyburgh, CA 89257",N,miles
62,Teresa Hoffman,165-18-9057,"8929 Jonathan Track Apt. 603
Lancemouth, NH 74641",Y,miles
63,Melissa Williams,057-76-1210,"286 Tucker Points
Gouldmouth, NV 82715",Y,hours
64,Christine Weaver,420-66-6748,"65402 Jimenez Prairie Apt. 576
Cynthiaport, CA 58185",N,hours
65,David Pruitt,455-72-3614,"38484 Terry Ridge
Port Rhonda, VT 53521",Y,miles
66,Sheri Lewis,203-18-6067,"Unit 0628 Box 9647
DPO AE 61291",Y,hours
67,Matthew Smith,650-84-6778,"637 Singh Mews Apt. 484
Solomonview, AS 55400",Y,miles
68,Connor Riggs,554-70-3396,"660 Miguel Forks Suite 163
South Juan, PR 99242",N,miles
69,James Grant,449-78-9720,"90585 Keith Islands
North Belindafort, PR 38864",Y,miles
70,Andrew Cervantes,054-90-6689,"09785 Nathan Route Apt. 101
Katieshire, AL 97264",N,hours
71,Brandon Salinas,512-20-3191,"085 Galloway Creek
Kaylashire, MD 27679",N,hours
72,Dr. Stacy Johnson,369-98-9769,"967 Ryan Plaza Apt. 775
Port Matthewstad, WY 77769",Y,miles
73,Sheila Torres,445-76-9914,"6893 Lowe Freeway Suite 412
Guzmanport, MP 84929",N,miles
74,Kevin Potts,026-99-7696,"807 Timothy Spur
Millermouth, LA 13704",Y,miles
75,Brittney Turner,810-74-5464,"120 Anthony Pine
Danielshire, AK 97715",N,miles
76,Scott Garrett,607-32-3049,"687 Maxwell Stream
Anthonystad, MP 67390",Y,miles
77,Jennifer Mcintyre,393-14-1785,"397 Danielle Corner Apt. 296
Lake Heidi, UT 96692",N,miles
78,Eric Fox,769-94-4078,"1816 Sabrina Radial Suite 904
Port Amyborough, IA 55295",N,miles
79,Michael Martin,170-70-2476,"36676 Alexander Locks
Brockview, WA 26718",N,miles
80,Lisa Kane,292-10-6145,"01654 Alexis Harbor
Mccoyborough, IL 70588",Y,miles
81,Mr. Brian Stevenson,442-82-7221,"Unit 7181 Box 6778
DPO AP 51651",Y,hours
82,Dean Mitchell,678-61-7794,"2426 Joann Circles
Aliciaville, SD 29264",Y,hours
83,Adam Rodriguez,300-92-8859,"88205 Reeves Mission Suite 800
Williamsland, NJ 03981",N,hours
84,Tommy Neal,625-17-3966,"788 Olson Parkway Apt. 641
Parkerview, MA 04738",Y,miles
85,Kyle Garcia,612-38-6377,"4878 Douglas Brook Suite 051
Joshuamouth, IL 26114",Y,miles
86,Steven Neal,729-82-0919,"5214 Beck Ramp
Allisonview, TN 32586",N,miles
87,Kenneth Nelson,209-28-4790,"99845 Mary Isle Apt. 494
South Brandon, MD 82485",Y,miles
88,Craig Holland,704-18-5581,"168 Mike Bypass
Whitefort, SC 63661",N,miles
89,Mr. Kyle Jackson,670-20-0099,"61836 Heath Light
Taramouth, NE 77109",Y,miles
90,Christopher Garcia,275-26-9376,"15013 Caitlin Canyon
New Tinaburgh, KY 60700",N,hours
91,Dustin Garrett,701-57-5314,"75874 Thomas Hills Suite 714
Jennaton, NM 88392",Y,hours
92,George Parks,359-77-6937,"93457 Sweeney Camp
North Jacquelinetown, MS 18657",Y,miles
93,Sara Burgess,620-98-7540,"27586 Turner Ports Suite 106
North Timothyside, OR 36601",N,hours
94,Rebecca Lee,227-05-5256,"8075 Murphy Mall
Leeland, IA 82212",Y,miles
95,April Young,595-19-7491,"1126 Cruz Mission
East Ralph, AR 62151",N,hours
96,Patricia Little,845-73-9761,"7811 Jason Springs
Carolberg, MT 12892",Y,miles
97,Brenda James,716-50-5255,"03255 Michael Vista Apt. 660
North Jennifermouth, PW 51577",Y,hours
98,Roberta Edwards,697-21-1516,"2781 Melissa Haven Apt. 749
Lake Kayla, IA 80206",N,miles
99,Daniel Smith,275-97-4069,"USCGC Frye
FPO AP 84356",N,hours
100,Angela Hernandez,889-54-0222,"7005 Brittany Center Apt. 660
Port Stevenstad, RI 04731",Y,hours
101,Melissa Oconnor,509-73-3635,"USS Simmons
FPO AE 80221",Y,miles
102,Melinda Colon,534-31-7113,"6666 Hernandez Springs
Joseburgh, WY 34121",N,miles
103,Debbie Mendoza,057-63-9976,"USS Adams
FPO AA 89802",N,miles
104,Ashley Wade,220-86-6334,"USCGC Conner
FPO AA 15775",N,miles
105,Jennifer Key DDS,262-83-4450,"534 Branch Lodge
New Laurenhaven, KS 94703",N,hours
106,Timothy Martinez,637-65-3147,"380 Robinson Ford Apt. 177
Davisville, AK 36320",N,miles
107,Alexandria Turner,200-50-8338,"57354 Velazquez Flat
Port Matthew, DE 69316",N,miles
108,David Lee,081-69-4735,"USNS Ramirez
FPO AP 83568",Y,hours
109,Austin Brown,153-73-9104,"62483 Salinas Course
Buckleyshire, AK 09994",Y,miles
